"","bio1","bio10","bio11","bio12","bio13","bio14","bio15","bio16","bio17","bio18","bio19","bio2","bio3","bio4","bio5","bio6","bio7","bio8","bio9"
"Alstroemeria_orchidioides",216,223,202,1540,269,8,75,724,31,226,49,98,71,836,280,142,138,217,209
"Alstroemeria_amabilis",190,227,151,2017,280,84,40,808,279,759,279,82,47,3042,274,103,171,227,151
"Alstroemeria_calliantha",125,147,99,2122,363,34,69,1036,120,947,120,125,66,1887,202,15,187,146,99
"Alstroemeria_apertiflora",170,203,133,1527,198,76,27,521,271,503,303,116,57,2677,264,63,201,201,139
"Alstroemeria_stenopetala",209,218,198,1873,353,5,80,930,26,260,53,104,70,786,281,133,148,208,204
"Alstroemeria_viridiflora",217,226,205,1609,280,4,79,806,20,228,40,101,69,840,287,141,146,218,212
"Alstroemeria_ochracea",125,147,99,2122,363,34,69,1036,120,947,120,125,66,1887,202,15,187,146,99
"Alstroemeria_punctata",235,243,224,1537,263,6,77,737,20,216,42,95,68,791,302,163,139,236,232
"Alstroemeria_caryophyllaea",222,251,192,2343,305,91,35,853,309,853,309,68,48,2303,286,145,141,251,192
"Alstroemeria_inodora",193,209,171,676,112,23,54,313,78,222,88,96,67,1462,259,117,142,204,178
"Alstroemeria_plantaginea",194,217,166,1517,336,13,81,825,45,577,45,119,64,2034,278,93,185,212,166
"Alstroemeria_rupestris",168,187,141,1627,336,16,80,863,57,691,66,113,65,1807,246,74,172,184,144
"Alstroemeria_psittacina",221,271,170,1559,164,75,21,455,268,398,268,116,51,3977,341,115,226,220,170
"Alstroemeria_radula",125,147,99,2122,363,34,69,1036,120,947,120,125,66,1887,202,15,187,146,99
"Alstroemeria_cunha",178,205,147,1338,232,25,64,635,103,615,103,102,59,2224,253,82,171,204,147
"Alstroemeria_foliosa",140,163,113,1950,343,27,72,980,100,887,100,126,65,1962,219,28,191,162,113
"Alstroemeria_gardneri",207,215,192,1472,252,7,74,685,30,215,50,104,71,928,274,128,146,210,199
"Alstroemeria_speciosa",207,237,178,2990,372,119,36,1074,381,1074,381,78,53,2315,276,130,146,237,178
"Alstroemeria_brasiliensis",253,258,244,2383,408,3,75,1157,27,642,49,144,69,592,357,149,208,251,245
"Alstroemeria_sellowiana",266,269,261,2785,333,156,25,962,496,527,895,92,87,278,320,215,105,263,268
"Alstroemeria_longistyla",212,221,197,1452,248,6,76,700,21,203,43,106,69,1008,284,131,153,216,206
"Alstroemeria_pygmaea",32,45,17,515,133,0,90,294,5,294,5,140,74,1075,112,-76,188,45,17
"Alstroemeria_longistaminea",224,237,202,579,147,2,98,367,10,137,91,91,71,1416,291,163,128,234,226
"Alstroemeria_julieae",125,147,99,2122,363,34,69,1036,120,947,120,125,66,1887,202,15,187,146,99
"Alstroemeria_monticola",198,209,177,800,106,21,45,306,87,293,120,114,72,1332,274,117,157,208,196
"Alstroemeria_pseudospathulata",-12,42,-65,657,111,16,64,316,62,62,313,147,57,4186,136,-119,255,-59,42
"Alstroemeria_aurea",63,102,29,1594,301,29,73,835,108,108,798,113,57,2849,186,-12,198,33,102
"Alstroemeria_presliana",57,112,3,953,197,16,82,533,54,54,511,143,56,4228,208,-47,255,10,112
"Alstroemeria_revoluta",95,146,45,786,189,2,100,500,13,13,472,140,56,3915,237,-10,247,52,142
"Alstroemeria_ligtu",128,161,95,668,200,2,113,446,11,11,446,112,61,2538,229,48,181,100,161
"Alstroemeria_umbellata",40,67,3,219,90,0,162,203,1,177,1,182,72,2472,153,-98,251,66,25
"Alstroemeria_patagonica",58,109,2,216,27,11,26,73,38,40,64,97,46,4194,168,-41,209,26,103
"Alstroemeria_diluta",148,178,120,94,26,0,119,68,0,0,68,82,55,2269,225,76,149,120,177
"Alstroemeria_kingii",154,187,121,35,14,0,146,30,0,0,30,89,54,2566,237,75,162,121,187
"Alstroemeria_werdermannii",136,157,108,11,6,0,161,8,0,0,8,122,70,1941,218,45,173,108,147
"Alstroemeria_paupercula",181,206,157,0,0,0,0,0,0,0,0,70,57,1926,250,128,122,205,205
"Alstroemeria_graminea",171,201,140,14,4,0,76,11,0,0,11,106,59,2322,259,82,177,140,201
"Alstroemeria_hookeri",128,161,95,668,200,2,113,446,11,11,446,112,61,2538,229,48,181,100,161
"Alstroemeria_magnifica",136,157,108,11,6,0,161,8,0,0,8,122,70,1941,218,45,173,108,147
"Alstroemeria_pelegrina",47,76,9,181,77,0,163,170,0,149,1,179,71,2594,160,-90,250,75,31
"Alstroemeria_andina",38,62,10,48,7,1,44,18,5,17,16,122,70,2036,123,-50,173,16,36
"Bomarea_coccinea",127,133,118,953,142,25,47,356,80,289,80,144,84,597,205,35,170,130,118
"Bomarea_perglabra",85,87,81,847,131,12,57,371,52,338,52,98,88,281,140,29,111,87,81
"Bomarea_dissitifolia",62,65,54,1474,161,87,21,481,282,309,432,83,84,454,115,17,98,57,63
"Bomarea_pardina",178,179,175,1756,181,114,15,518,357,415,439,104,89,171,237,121,116,177,177
"Bomarea_acutifolia",150,165,134,2151,431,47,82,1169,143,493,207,117,70,1173,235,69,166,153,143
"Bomarea_patacocensis",19,20,13,697,97,20,43,279,77,279,77,87,87,315,70,-30,100,20,13
"Bomarea_chiriquina",114,120,105,3171,474,72,52,1267,242,910,337,81,79,593,165,63,102,117,108
"Bomarea_uncifolia",66,67,63,655,99,18,48,279,64,157,64,97,90,205,121,14,107,66,63
"Bomarea_superba",114,121,103,349,68,4,67,170,14,170,14,154,81,748,198,8,190,121,103
"Bomarea_crassifolia",207,214,202,5177,756,91,51,2115,411,874,2069,98,83,444,268,151,117,204,208
"Bomarea_macrocephala",121,165,70,218,55,0,110,155,2,155,4,139,55,3794,237,-13,250,165,71
"Bomarea_densiflora",149,150,146,1874,322,26,69,919,128,769,128,97,84,202,205,90,115,149,146
"Bomarea_ovata",184,200,167,3,1,0,43,3,0,3,0,131,79,1243,261,96,165,200,180
"Bomarea_nervosa",134,140,126,1218,152,61,26,388,198,345,198,115,82,484,202,62,140,134,126
"Bomarea_distichifolia",126,132,119,1210,149,61,25,380,201,342,201,117,82,473,196,55,141,127,119
"Bomarea_multiflora",129,131,125,3062,449,76,45,1238,303,860,1238,90,90,243,180,80,100,125,130
"Bomarea_pauciflora",93,95,91,1961,267,62,38,743,277,478,743,90,91,148,143,45,98,91,93
"Bomarea_salsilla",128,161,95,668,200,2,113,446,11,11,446,112,61,2538,229,48,181,100,161
"Bomarea_edulis",158,160,154,1695,251,75,38,621,275,400,621,97,93,235,212,108,104,154,159
"Bomarea_setacea",125,128,118,1960,257,100,30,687,312,363,650,111,88,406,191,66,125,121,128
"Bomarea_vargasii",93,104,80,364,84,4,72,187,20,187,20,153,82,911,174,-11,185,104,80
"Bomarea_involucrosa",45,55,29,777,173,3,98,503,16,503,16,158,77,1043,137,-67,204,55,29
"Bomarea_dulcis",55,72,35,970,189,19,68,479,73,315,83,159,71,1481,158,-65,223,65,35
"Bomarea_diffracta",116,117,113,2214,308,90,36,836,368,565,836,96,94,170,168,66,102,113,116
"Bomarea_patinii",138,139,135,2338,321,96,37,883,365,524,883,101,91,191,195,85,110,135,138
"Bomarea_linifolia",264,266,260,8701,1114,508,31,3213,1545,1778,2528,88,93,248,312,218,94,263,264
"Bomarea_hirsuta",71,73,67,867,123,20,44,322,77,322,77,98,89,266,126,17,109,73,67
"Bomarea_nematocaulon",174,184,163,734,102,16,52,296,58,249,63,152,80,821,261,71,190,175,163
"Bomarea_macusanii",6,21,-22,819,155,7,78,437,32,414,32,174,69,1742,113,-139,252,20,-22
"Bomarea_formosissima",131,144,112,817,157,11,71,426,44,354,51,146,73,1309,221,21,200,141,112
"Bomarea_multipes",126,128,120,749,118,21,54,336,73,170,75,94,87,327,181,74,107,128,121
"Bomarea_spissiflora",107,108,104,1283,181,30,45,511,124,485,124,113,90,146,169,44,125,108,104
"Bomarea_boliviensis",94,138,43,212,52,1,107,145,4,145,6,142,57,3739,211,-38,249,138,45
"Bomarea_angulata",66,68,63,522,73,22,41,212,72,133,72,96,88,218,122,14,108,66,63
"Bomarea_glaucescens",100,101,97,1328,181,36,40,505,150,478,150,111,91,157,160,39,121,101,97
"Bomarea_purpurea",61,63,55,847,101,48,21,269,163,190,195,94,87,352,117,9,108,62,63
"Bomarea_brevis",113,125,91,822,146,12,69,403,51,256,51,159,72,1401,207,-11,218,123,91
"Bomarea_ovallei",162,196,129,35,11,0,127,26,0,0,26,97,56,2641,252,81,171,133,196
"Luzuriaga_marginata",11,44,-24,844,90,53,13,245,178,216,202,77,52,2650,90,-56,146,12,-5
"Luzuriaga_parviflora",111,152,67,3632,362,227,13,1058,797,843,797,86,46,3302,202,18,184,108,67
"Luzuriaga_polyphylla",77,108,48,2193,318,61,55,944,220,220,944,90,56,2360,171,12,159,48,108
"Luzuriaga_radicans",77,108,48,2193,318,61,55,944,220,220,944,90,56,2360,171,12,159,48,108
"Drymophila_cyanocarpa",104,147,59,817,98,37,25,270,136,136,269,104,50,3425,217,12,205,65,147
"Drymophila_moorei",153,201,98,1730,251,52,47,729,189,680,235,113,50,4037,257,33,224,199,106
"Disporum_bodinieri",110,163,48,963,238,3,103,619,13,619,13,121,49,4560,211,-34,245,163,48
"Disporum_cantoniense",155,194,98,3394,821,9,96,2037,42,2037,42,84,43,3819,225,34,191,194,98
"Disporum_smilacinum",126,237,16,2389,335,103,42,939,324,939,324,92,27,8681,301,-36,337,237,16
"Disporum_sessile",150,243,59,3371,489,89,50,1326,287,1326,287,84,28,7163,294,4,290,243,59
"Uvularia_floridana",182,260,97,1586,171,73,19,455,299,449,423,136,44,6368,325,21,304,111,188
"Uvularia_sessilifolia",46,178,-101,1019,99,67,13,284,214,284,238,110,25,10786,253,-172,425,178,-87
"Uvularia_puberula",109,208,1,1284,142,85,14,380,277,380,277,136,38,8022,284,-72,356,208,1
"Uvularia_perfoliata",90,202,-29,1164,106,80,8,309,255,308,258,117,31,8923,277,-94,371,180,-17
"Uvularia_grandiflora",99,228,-47,1032,112,58,20,326,190,315,190,118,27,10593,305,-118,423,208,-47
"Wurmbea_punctata",162,195,125,488,76,11,58,221,48,49,215,106,57,2776,257,73,184,132,195
"Wurmbea_stricta",163,194,128,466,75,10,60,214,43,44,210,99,57,2605,252,79,173,135,194
"Wurmbea_graniticola",170,236,108,335,54,14,43,138,49,55,133,144,50,5081,332,48,284,117,220
"Wurmbea_tenella",191,258,128,449,95,10,73,235,34,45,235,137,49,5122,350,72,278,128,237
"Wurmbea_saccata",250,316,176,281,61,1,81,148,6,122,64,154,50,5469,405,97,308,314,247
"Wurmbea_dilatata",205,265,150,341,85,2,89,203,15,34,195,132,51,4453,344,87,257,161,239
"Wurmbea_densiflora",204,273,139,308,66,4,74,167,22,46,156,140,49,5214,359,75,284,151,219
"Wurmbea_odorata",244,299,184,242,48,0,75,117,6,84,85,128,50,4464,368,117,251,193,259
"Wurmbea_murchisoniana",204,278,131,281,53,7,60,138,26,52,125,146,47,5776,372,67,305,143,225
"Wurmbea_pygmaea",179,240,124,584,127,10,80,321,38,42,321,128,50,4572,324,70,254,124,218
"Wurmbea_biglandulosa",145,210,81,725,84,36,24,236,129,132,230,128,47,5060,299,28,271,90,209
"Wurmbea_citrina",213,289,132,137,18,9,24,47,28,47,28,149,46,6127,376,57,319,289,132
"Wurmbea_latifolia",149,187,111,617,96,17,53,269,59,59,269,73,47,2991,234,80,154,111,187
"Wurmbea_australis",172,243,99,315,37,17,25,106,58,58,100,142,48,5591,329,34,295,108,243
"Wurmbea_dioica",166,233,105,566,113,12,73,296,44,44,296,140,49,5075,330,47,283,105,233
"Wurmbea_centralis",161,222,98,545,70,19,43,203,61,64,203,129,49,4861,305,43,262,98,221
"Wurmbea_sinora",160,199,120,521,92,12,61,247,47,47,247,91,52,3067,254,79,175,120,199
"Wurmbea_monantha",185,227,147,679,149,7,88,392,28,32,297,93,51,3119,284,102,182,157,223
"Wurmbea_tubulosa",202,262,149,474,111,6,88,276,23,28,271,132,51,4428,346,92,254,160,258
"Wurmbea_drummondii",193,260,131,467,100,10,77,249,33,42,249,138,49,5078,352,74,278,131,237
"Wurmbea_inframediana",237,313,159,199,37,2,69,93,9,55,77,154,47,6056,408,86,322,170,263
"Wurmbea_angustifolia",86,131,34,817,126,10,58,339,49,339,49,133,53,3821,202,-45,247,125,34
"Wurmbea_kraussii",105,145,55,889,147,11,65,401,45,401,45,122,54,3535,203,-21,224,145,55
"Wurmbea_inusta",156,194,114,683,97,25,48,281,78,78,281,114,55,3178,261,55,206,114,194
"Wurmbea_variabilis",140,188,88,308,33,21,14,91,68,68,75,153,57,3935,274,9,265,146,188
"Wurmbea_elongata",160,211,105,305,52,6,62,143,24,29,143,157,57,4198,304,32,272,112,211
"Wurmbea_marginata",169,216,118,415,59,13,47,172,46,46,172,136,55,3855,295,48,247,118,216
"Wurmbea_monopetala",130,169,93,996,153,33,56,434,101,101,428,100,54,3022,233,49,184,101,169
"Wurmbea_recurva",153,199,108,970,151,27,62,446,85,85,438,119,54,3570,272,53,219,116,199
"Wurmbea_spicata",166,212,116,298,53,5,66,144,21,25,143,148,59,3777,298,48,250,123,211
"Baeometra_uniflora",156,194,114,683,97,25,48,281,78,78,281,114,55,3178,261,55,206,114,194
"Iphigenia_oliveri",224,262,178,613,93,13,57,260,44,260,44,123,54,3229,322,96,226,262,178
"Iphigenia_indica",278,299,245,1230,339,1,118,905,14,548,14,93,57,2098,347,186,161,290,245
"Camptorrhiza_strumosa",215,251,165,623,108,9,71,306,28,306,28,140,59,3393,310,75,235,251,165
"Ornithoglossum_zeyheri",159,184,132,96,17,2,59,46,7,9,46,105,64,2067,239,75,164,132,184
"Ornithoglossum_undulatum",165,219,108,269,47,5,61,126,21,21,125,160,57,4367,313,34,279,115,219
"Ornithoglossum_dinteri",147,212,75,237,47,8,55,105,27,78,27,163,50,5335,305,-16,321,207,75
"Ornithoglossum_vulgare",165,212,111,110,24,4,56,51,12,34,17,139,56,3984,285,37,248,209,142
"Ornithoglossum_viride",163,194,128,466,75,10,60,214,43,44,210,99,57,2605,252,79,173,135,194
"Ornithoglossum_parviflorum",177,220,130,175,30,3,62,82,13,17,82,152,60,3519,310,57,253,130,219
"Ornithoglossum_calcicola",163,202,117,153,46,0,128,121,1,81,1,152,61,3327,277,31,246,200,117
"Sandersonia_aurantiaca",167,196,129,860,124,14,63,370,47,369,47,115,59,2642,251,59,192,191,129
"Hexacyrtis_dickiana",193,217,168,25,7,0,63,14,2,14,2,140,69,1964,290,89,201,217,168
"Colchicum_filifolium",155,223,94,813,130,1,70,368,18,27,356,92,38,5023,288,50,238,104,219
"Androcymbium_walteri",158,191,122,88,13,3,44,36,10,12,36,117,60,2742,252,57,195,122,184
"Colchicum_kesselringii",45,160,-82,451,81,2,69,215,14,28,152,109,27,9374,243,-150,393,39,156
"Colchicum_luteum",1,115,-126,577,96,5,59,256,28,49,187,102,26,9351,196,-191,387,-5,111
"Androcymbium_dregei",177,220,130,175,30,3,62,82,13,17,82,152,60,3519,310,57,253,130,219
"Androcymbium_exiguum",161,192,127,75,11,3,37,29,10,12,29,115,60,2585,251,62,189,127,186
"Androcymbium_volutare",158,215,98,220,33,7,42,87,28,28,85,163,56,4631,309,22,287,105,215
"Androcymbium_melanthioides",149,182,101,850,147,7,70,405,28,384,28,132,59,3240,240,19,221,178,101
"Colchicum_androcymbioides",137,211,72,804,118,4,65,353,26,35,344,106,39,5452,290,23,267,82,209
"Colchicum_montanum",126,188,68,1333,197,15,54,540,90,91,540,90,39,4673,255,29,226,68,186
"Colchicum_robustum",106,226,-16,285,58,4,72,149,14,20,80,140,34,9364,320,-86,406,103,215
"Colchicum_cupanii",170,244,102,469,81,7,66,223,25,25,198,64,29,5634,287,69,218,102,244
"Colchicum_pusillum",164,230,102,675,148,1,87,371,8,8,319,59,29,5073,267,70,197,104,230
"Colchicum_triphyllum",111,196,36,487,64,24,28,163,94,105,94,108,37,6323,273,-12,285,129,36
"Colchicum_nanum",93,166,33,814,104,19,38,295,92,109,249,49,24,5326,207,7,200,72,163
"Colchicum_alpinum",20,95,-52,1566,144,117,7,410,367,391,405,71,29,5863,148,-91,239,-39,95
"Colchicum_bivonae",141,222,64,1016,166,17,60,458,63,63,426,101,35,6252,300,19,281,79,222
"Colchicum_autumnale",32,107,-40,819,107,31,40,308,97,308,97,68,29,5857,160,-74,234,107,-40
"Colchicum_corsicum",93,166,33,814,104,19,38,295,92,109,249,49,24,5326,207,7,200,72,163
"Colchicum_umbrosum",120,223,20,750,104,50,24,253,157,174,241,77,25,7978,276,-21,297,41,109
"Colchicum_parnassicum",74,157,-4,934,138,25,48,379,93,100,370,101,35,6380,237,-47,284,12,155
"Colchicum_speciosum",39,119,-43,1041,131,56,23,346,187,322,208,99,34,6428,191,-92,283,99,-40
"Colchicum_tunicatum",176,238,103,167,36,0,105,103,0,0,103,115,44,5326,309,50,259,103,238
"Colchicum_feinbruniae",163,234,83,606,148,0,106,397,0,0,397,102,38,6022,302,38,264,83,234
"Colchicum_ritchii",192,254,122,546,138,0,111,367,0,0,309,104,43,5341,314,75,239,122,252
"Colchicum_tuviae",147,214,71,335,74,0,109,211,0,0,211,114,42,5674,288,21,267,71,214
"Colchicum_variegatum",160,225,96,527,105,1,84,285,9,9,249,61,30,5137,266,66,200,98,225
"Colchicum_troodi",178,244,105,734,188,0,107,486,0,2,486,91,37,5609,305,65,240,105,243
"Colchicum_decaisnei",178,244,105,780,197,0,105,513,0,2,513,90,37,5569,307,67,240,105,242
"Colchicum_macrophyllum",150,219,85,972,202,2,82,515,19,19,466,66,31,5288,262,54,208,87,219
"Colchicum_balansae",184,260,114,868,210,1,98,531,6,6,518,79,33,5875,314,77,237,129,260
"Colchicum_graecum",87,168,12,952,153,20,56,417,79,79,405,102,36,6189,247,-30,277,28,168
"Colchicum_lusitanum",169,224,117,848,145,0,75,395,15,22,386,78,39,4142,273,75,198,126,221
"Colchicum_stevenii",196,259,126,536,138,0,111,362,0,0,362,105,43,5364,317,78,239,126,256
"Colchicum_multiflorum",131,200,68,784,101,16,36,286,97,124,238,84,36,5252,257,24,233,106,199
"Colchicum_longifolium",126,200,58,819,106,26,29,269,122,145,206,72,31,5624,251,22,229,138,199
"Colchicum_szovitsii",105,184,22,508,111,0,93,301,0,2,301,104,37,6404,255,-25,280,22,182
"Colchicum_kurdicum",139,260,16,840,147,1,79,415,5,5,372,115,29,9610,348,-37,385,63,260
"Colchicum_raddeanum",15,101,-76,624,107,14,56,280,55,229,55,99,32,6997,173,-131,304,47,-76
"Colchicum_bulbocodium",84,165,1,1098,100,76,7,290,261,264,279,91,33,6364,234,-39,273,12,161
"Androcymbium_cuspidatum",140,188,88,308,33,21,14,91,68,68,75,153,57,3935,274,9,265,146,188
"Androcymbium_striatum",146,180,98,831,144,8,71,403,28,372,28,131,58,3287,239,15,224,176,98
"Androcymbium_bellum",217,282,144,85,20,2,64,46,11,24,11,182,55,5416,378,50,328,258,144
"Androcymbium_hantamense",155,211,96,229,33,8,39,88,31,31,85,162,57,4553,305,21,284,103,211
"Androcymbium_irroratum",137,197,74,205,26,9,32,70,34,35,66,166,55,4833,292,-7,299,104,186
"Androcymbium_ciliolatum",171,216,123,186,31,4,60,86,14,19,86,149,59,3597,303,52,251,123,214
"Androcymbium_burchellii",160,214,102,240,33,8,38,91,30,30,89,161,57,4407,308,28,280,110,214
"Androcymbium_scabromarginatum",167,207,124,173,30,3,63,82,12,16,82,138,60,3239,287,57,230,132,206
"Androcymbium_decipiens",207,237,173,940,115,31,42,343,103,343,103,94,55,2477,281,111,170,237,173
"Androcymbium_longipes",161,193,122,912,123,23,53,363,74,361,74,114,57,2765,246,49,197,193,122
"Androcymbium_palaestinum",200,265,128,462,119,0,110,309,0,0,309,109,44,5535,326,79,247,128,263
"Androcymbium_hierrense",198,234,169,261,59,0,91,153,1,7,99,67,46,2576,279,135,144,179,226
"Androcymbium_psammophilum",195,229,165,139,31,0,92,82,0,4,82,68,46,2599,276,131,145,165,223
"Androcymbium_eucomoides",159,194,121,560,72,24,38,212,74,74,212,98,54,2856,249,68,181,121,194
"Androcymbium_gramineum",219,328,118,49,11,1,61,26,4,7,9,162,39,8072,440,30,410,217,256
"Androcymbium_europaeum",181,246,125,219,31,1,51,84,12,16,76,78,36,4675,293,81,212,160,240
"Androcymbium_roseum",165,206,114,249,66,0,115,182,1,135,1,167,60,3641,292,18,274,200,114
"Gloriosa_simplex",185,187,184,1317,183,19,42,463,113,288,375,108,88,148,247,125,122,185,184
"Gloriosa_superba",214,234,201,4789,1700,4,127,3582,30,399,3049,77,57,1311,288,154,134,201,209
"Gloriosa_modesta",154,185,112,901,138,15,60,392,58,392,58,116,58,2876,239,42,197,185,112
"Tripladenia_cunninghamii",193,236,142,1242,175,39,38,465,156,434,214,104,50,3682,283,75,208,235,150
"Schelhammera_undulata",153,192,113,817,83,52,14,228,162,213,178,73,45,3047,231,70,161,183,116
"Kuntheria_pedunculata",203,232,166,1955,380,42,77,1086,132,886,177,99,56,2592,285,111,174,228,190
"Burchardia_bairdiae",184,236,137,571,122,5,90,330,30,35,330,116,51,3945,310,85,225,137,234
"Burchardia_multiflora",156,203,115,964,180,16,74,496,51,56,496,108,51,3478,277,69,208,115,202
"Burchardia_monantha",150,201,104,599,99,17,60,274,53,55,274,116,51,3856,283,57,226,104,201
"Burchardia_umbellata",143,184,102,833,94,40,27,266,136,136,261,81,47,3152,239,67,172,110,184
"Burchardia_congesta",156,205,114,943,173,16,73,481,51,55,481,112,52,3581,281,67,214,114,203
"Burchardia_rosea",203,262,151,377,92,3,87,219,17,33,215,131,51,4316,340,88,252,162,235
"Petermannia_cirrosa",175,219,124,1483,210,42,44,590,165,575,207,111,52,3720,273,60,213,216,132
"Erythronium_californicum",112,190,44,1474,302,2,84,786,26,26,786,148,47,5923,297,-16,313,44,190
"Erythronium_hendersonii",93,175,19,776,143,8,71,394,45,45,366,162,47,6180,297,-41,338,23,175
"Erythronium_citrinum",94,177,16,1365,222,6,72,652,49,49,625,161,46,6398,294,-49,343,22,177
"Erythronium_helenae",138,210,71,1000,216,1,90,550,10,10,550,155,49,5598,324,10,314,71,210
"Erythronium_montanum",22,100,-40,2041,335,31,61,955,154,156,891,102,38,5616,183,-82,265,-34,97
"Erythronium_grandiflorum",78,160,3,1194,186,7,68,553,54,54,526,158,46,6272,276,-63,339,9,160
"Erythronium_pluriflorum",71,149,10,943,171,6,78,473,27,39,465,133,46,5667,240,-48,288,11,147
"Erythronium_tuolumnense",117,201,45,1190,210,4,79,582,26,35,582,141,45,6283,302,-11,313,45,200
"Erythronium_multiscapideum",156,248,74,1511,276,7,79,758,39,39,736,147,42,6927,359,15,344,80,248
"Erythronium_purpurascens",112,190,42,1521,301,3,82,793,29,29,793,150,47,5971,299,-18,317,42,190
"Erythronium_elegans",83,138,37,2782,476,33,68,1348,158,174,1260,105,48,4049,212,-4,216,41,135
"Erythronium_oregonum",91,166,19,2269,404,20,71,1133,115,115,1075,108,39,5840,253,-21,274,24,166
"Erythronium_revolutum",102,145,67,1958,351,4,81,1013,36,57,978,102,53,3122,212,22,190,72,141
"Erythronium_klamathense",83,166,7,1112,178,8,69,522,50,50,504,159,46,6322,282,-59,341,13,166
"Erythronium_umbilicatum",131,221,36,1440,145,108,9,385,333,385,341,133,40,7150,292,-35,327,221,50
"Erythronium_albidum",125,243,-6,954,102,46,21,291,172,269,172,121,30,9585,318,-76,394,223,-6
"Erythronium_mesochoreum",153,263,33,944,125,33,34,314,125,257,125,138,34,8877,346,-52,398,202,33
"Erythronium_americanum",99,211,-18,1209,110,82,8,317,270,310,270,111,30,8880,284,-78,362,204,-18
"Erythronium_rostratum",154,254,46,1396,151,80,18,426,302,307,303,137,37,8031,335,-32,367,154,248
"Amana_edulis",134,244,25,2361,334,98,44,933,299,933,299,92,27,8598,308,-28,336,244,25
"Tulipa_orphanidea",154,227,85,562,108,9,67,274,35,35,218,64,29,5649,268,52,216,85,227
"Tulipa_humilis",74,153,-9,956,203,1,90,542,6,6,518,82,30,6375,214,-51,265,-7,153
"Tulipa_cretica",181,246,120,585,125,1,86,315,5,5,275,57,29,4964,281,90,191,123,246
"Tulipa_sylvestris",172,242,107,678,109,1,68,304,17,23,285,97,38,5287,313,64,249,115,239
"Tulipa_biflora",148,223,64,154,37,0,109,101,0,0,101,123,41,6251,298,5,293,64,223
"Tulipa_turkestanica",130,257,-3,418,63,1,63,172,12,17,154,132,31,10058,355,-61,416,73,240
"Tulipa_lehmanniana",88,219,-54,382,62,14,47,161,49,68,67,113,27,10650,297,-118,415,94,206
"Tulipa_agenensis",156,227,75,455,105,0,107,289,0,0,289,100,38,6119,290,29,261,75,227
"Tulipa_undulatifolia",149,272,26,247,47,2,70,123,8,13,74,132,32,9490,364,-43,407,146,258
"Tulipa_julia",27,125,-75,516,90,23,45,220,78,92,78,111,32,7860,206,-132,338,57,-75
"Tulipa_systola",128,197,50,294,70,0,109,193,0,0,193,117,43,5744,270,-2,272,50,197
"Tulipa_linifolia",-6,82,-99,1140,272,2,96,696,11,19,389,88,27,6951,143,-174,317,-54,76
"Erythronium_japonicum",120,231,13,2026,260,99,28,685,339,530,671,90,27,8585,296,-36,332,40,95
"Gagea_gageoides",133,255,0,275,94,0,126,190,0,0,172,166,36,9642,359,-94,453,20,255
"Gagea_bohemica",156,227,75,455,105,0,107,289,0,0,289,100,38,6119,290,29,261,75,227
"Gagea_bulbifera",78,209,-65,415,68,18,48,178,63,90,63,110,26,10669,285,-127,412,148,-65
"Gagea_peduncularis",152,234,77,650,119,10,64,306,44,44,306,72,29,6252,288,42,246,77,234
"Gagea_glacialis",-10,67,-89,901,146,33,50,394,106,296,110,109,37,6153,146,-141,287,46,-86
"Gagea_soleirolii",93,166,33,814,104,19,38,295,92,109,249,49,24,5326,207,7,200,72,163
"Gagea_villosa",112,190,28,659,148,0,97,395,0,2,395,104,37,6355,259,-17,276,28,188
"Gagea_algeriensis",139,218,69,468,71,5,54,185,24,32,185,122,40,5791,307,8,299,69,217
"Gagea_fragifera",68,142,7,923,113,26,34,320,118,132,279,46,23,5410,183,-17,200,47,139
"Gagea_minima",51,151,-38,578,68,30,31,195,92,160,131,69,24,7423,204,-79,283,104,36
"Gagea_confusa",47,152,-64,424,75,14,53,193,48,48,78,115,32,8479,238,-120,358,30,152
"Gagea_dayana",197,252,136,321,77,0,109,204,0,0,204,104,45,4592,311,81,230,136,250
"Gagea_reticulata",167,238,86,461,109,0,109,300,0,0,300,116,42,6093,310,36,274,86,237
"Gagea_commutata",167,237,87,444,103,0,104,284,0,0,284,97,38,6035,295,42,253,87,237
"Gagea_setifolia",2,102,-110,622,134,2,88,358,11,17,229,117,31,8126,177,-193,370,-53,94
"Gagea_lutea",75,161,-4,720,88,37,25,240,137,196,143,47,20,6561,197,-33,230,127,16
"Gagea_afghanica",125,231,16,219,49,0,80,115,0,6,73,149,37,8408,332,-62,394,65,227
"Gagea_chlorantha",167,237,87,444,103,0,104,284,0,0,284,97,38,6035,295,42,253,87,237
"Gagea_exilis",22,114,-73,1030,251,2,98,637,11,16,354,92,28,7173,177,-141,318,-28,108
"Gagea_serotina",1,73,-67,1769,166,131,8,469,411,440,466,65,29,5621,121,-103,224,-53,73
"Gagea_graeca",172,244,106,601,116,4,77,314,13,13,234,76,33,5528,300,70,230,122,244
"Lilium_philadelphicum",63,182,-65,863,84,56,12,237,177,228,215,107,28,9606,259,-120,379,-34,-13
"Lilium_souliei",66,119,4,1154,285,8,92,697,38,697,38,103,44,4511,159,-71,230,119,4
"Lilium_taliense",110,162,50,994,237,4,101,627,19,627,19,114,48,4424,207,-27,234,162,50
"Lilium_bakerianum",108,161,47,967,239,3,104,621,14,621,14,118,48,4508,208,-33,241,161,47
"Lilium_primulinum",130,177,70,1412,307,13,85,795,57,795,57,85,42,4238,214,14,200,177,70
"Lilium_nepalense",95,142,33,1390,378,3,116,971,23,971,35,108,49,4295,184,-36,220,142,41
"Lilium_sargentiae",87,160,7,1337,296,11,86,749,41,749,41,78,30,5904,206,-46,252,160,7
"Lilium_sulphureum",150,228,62,1328,324,12,93,794,44,764,44,75,28,6384,277,17,260,223,62
"Lilium_leucanthum",86,158,6,1354,302,12,87,765,43,765,43,79,31,5863,204,-48,252,158,6
"Lilium_auratum",107,220,-7,1886,245,99,33,662,335,661,335,98,28,8925,289,-60,349,218,-7
"Lilium_japonicum",141,249,35,2174,301,106,38,799,324,788,324,87,26,8394,311,-14,325,245,35
"Lilium_speciosum",185,260,114,3008,415,159,31,1016,508,732,603,54,25,5636,295,80,215,214,115
"Lilium_nanum",105,152,44,1799,490,2,116,1248,26,1248,32,98,45,4291,192,-23,215,152,51
"Lilium_duchartrei",91,154,19,1092,220,6,88,616,22,616,22,109,41,5252,205,-56,261,154,19
"Lilium_lankongense",66,119,4,1154,285,8,92,697,38,697,38,103,44,4511,159,-71,230,119,4
"Lilium_lophophorum",12,80,-64,716,191,3,108,476,11,476,11,133,45,5682,131,-160,291,80,-64
"Lilium_catesbaei",195,271,113,1565,177,93,20,494,308,494,374,112,40,6211,325,47,278,271,156
"Lilium_maritimum",114,172,63,1824,330,3,83,952,30,52,923,127,51,4290,264,16,248,67,170
"Lilium_rubescens",100,172,41,1298,237,3,83,673,25,40,651,154,50,5342,283,-21,304,46,171
"Lilium_humboldtii",132,196,80,615,117,0,90,342,4,14,325,142,52,4675,288,15,273,83,192
"Lilium_pardalinum",97,177,27,810,157,2,77,415,21,21,415,151,46,6088,290,-34,324,27,177
"Lilium_columbianum",40,138,-55,865,153,20,62,428,84,84,393,118,35,7573,232,-105,337,-49,138
"Lilium_washingtonianum",84,166,16,1638,300,7,78,818,45,50,818,136,44,6081,263,-42,305,16,164
"Lilium_grayi",124,214,30,1401,140,105,9,377,323,377,328,134,40,7104,284,-43,327,214,44
"Lilium_michiganense",83,201,-46,857,98,30,31,288,123,286,123,96,25,9575,263,-108,371,197,-46
"Lilium_canadense",66,185,-63,1153,107,80,8,305,256,305,265,127,31,9567,268,-138,406,185,-50
"Lilium_superbum",93,205,-24,1202,111,85,6,314,279,295,282,114,31,8838,280,-86,366,81,-13
"Lilium_chalcedonicum",111,193,35,1128,170,27,53,484,93,93,442,100,35,6214,271,-10,281,49,193
"Lilium_pomponium",86,159,18,917,104,38,22,296,165,178,238,78,33,5569,215,-21,236,58,158
"Lilium_pyrenaicum",54,125,-11,1081,115,68,13,308,236,236,259,88,37,5340,187,-50,237,68,125
"Lilium_albanicum",57,137,-23,1236,144,70,20,393,227,227,353,81,31,6287,197,-62,259,-9,137
"Lilium_carniolicum",95,181,8,1285,133,73,19,382,229,363,245,89,31,6729,245,-35,280,103,19
"Lilium_candidum",138,208,62,1161,270,1,102,721,4,5,721,80,33,5767,264,24,240,62,207
"Lilium_brownii",197,288,96,1507,257,37,59,695,123,547,169,84,28,7578,344,46,298,236,115
"Lilium_longiflorum",151,245,60,3258,478,86,51,1290,278,1290,278,87,29,7237,298,4,294,245,60
"Lilium_formosanum",233,278,182,2425,270,137,21,784,506,506,529,52,32,3806,312,152,160,246,278
"Lilium_leichtlinii",123,234,11,2368,328,107,40,915,345,915,345,92,27,8757,298,-40,338,234,11
"Lilium_martagon",84,165,1,1098,100,76,7,290,261,264,279,91,33,6364,234,-39,273,12,161
"Lilium_medeoloides",16,127,-98,1279,177,52,33,461,187,453,207,64,19,8725,174,-148,322,106,-95
"Lilium_distichum",50,184,-104,743,144,10,72,379,42,379,42,76,18,11076,238,-165,403,184,-104
"Lilium_lancifolium",112,222,1,2295,317,109,38,868,349,868,349,85,25,8681,283,-46,329,222,1
"Lilium_pensylvanicum",63,176,-48,1120,131,56,29,379,177,347,274,52,17,8695,219,-81,300,98,-11
"Lilium_maculatum",152,238,67,1613,224,73,33,554,244,426,244,62,23,6662,280,16,264,181,67
"Lilium_bulbiferum",38,114,-36,1337,131,98,8,368,310,343,313,74,30,5958,169,-76,245,60,-31
"Lilium_pumilum",-34,151,-236,384,110,2,110,271,10,271,10,144,25,14948,234,-327,561,151,-199
"Lilium_concolor",-7,177,-217,501,150,3,113,344,11,344,11,158,27,15287,257,-325,582,177,-217
"Lilium_callosum",67,185,-60,1586,354,39,75,865,134,817,134,101,27,9482,235,-127,362,179,-60
"Lilium_davidii",100,163,28,1071,217,6,88,604,22,604,22,109,42,5211,213,-46,259,163,28
"Fritillaria_liliacea",131,168,97,558,114,2,89,302,7,12,302,126,62,2843,237,35,202,98,163
"Fritillaria_falcata",118,196,56,712,132,1,85,369,8,19,362,172,51,5728,318,-15,333,59,194
"Fritillaria_pluriflora",132,209,62,1075,209,2,86,575,19,19,562,177,51,5895,337,-8,345,64,209
"Fritillaria_agrestis",138,210,71,1000,216,1,90,550,10,10,550,155,49,5598,324,10,314,71,210
"Fritillaria_striata",174,259,88,271,49,0,80,140,3,3,132,159,45,6704,367,21,346,106,259
"Fritillaria_pudica",34,135,-70,367,47,21,24,124,74,92,114,118,33,8002,228,-125,353,-62,-12
"Fritillaria_atropurpurea",52,158,-53,598,92,15,49,255,62,71,245,162,40,8166,284,-119,403,-41,153
"Fritillaria_recurva",105,184,35,1237,247,2,81,649,25,25,649,151,47,6011,295,-25,320,35,184
"Fritillaria_eastwoodiae",126,206,53,1455,291,2,83,756,23,23,756,149,45,6123,316,-8,324,53,206
"Fritillaria_affinis",112,183,59,670,128,1,91,362,6,18,362,114,45,4986,259,9,250,59,176
"Fritillaria_glauca",85,155,29,1496,263,5,79,761,40,58,726,146,50,5069,261,-26,287,34,153
"Fritillaria_camschatcensis",6,108,-89,1004,170,32,51,446,123,328,152,68,24,7807,152,-125,277,68,-58
"Fritillaria_persica",128,197,50,294,70,0,109,193,0,0,193,117,43,5744,270,-2,272,50,197
"Fritillaria_verticillata",47,175,-97,295,50,10,48,128,33,92,33,111,26,10590,253,-162,415,114,-97
"Fritillaria_unibracteata",-2,70,-82,1105,209,8,82,596,30,596,30,118,39,5892,127,-169,296,70,-82
"Fritillaria_przewalskii",47,132,-51,620,113,2,80,316,12,305,12,143,39,7060,205,-153,358,127,-51
"Fritillaria_sichuanica",87,158,8,1189,239,9,83,650,33,650,33,86,33,5788,206,-48,254,158,8
"Fritillaria_cirrhosa",42,133,-63,706,96,17,41,247,80,181,185,91,29,7670,186,-120,306,-56,10
"Fritillaria_delavayi",62,142,-26,413,142,0,140,327,0,327,0,157,44,6628,218,-132,350,142,-26
"Fritillaria_eduardii",-15,91,-126,1032,176,8,67,502,40,64,317,105,28,8396,174,-191,365,-22,84
"Fritillaria_bucharica",74,182,-39,858,156,3,73,430,19,36,276,119,31,8499,273,-100,373,70,173
"Fritillaria_involucrata",116,187,49,776,93,21,31,270,110,110,223,81,34,5446,245,9,236,88,187
"Fritillaria_pyrenaica",65,136,-1,987,107,61,14,284,217,217,231,91,37,5380,200,-42,242,80,136
"Fritillaria_ehrhartii",165,236,99,487,88,7,71,241,23,23,212,60,28,5426,277,68,209,100,236
"Fritillaria_bithynica",177,252,109,644,142,0,92,377,5,5,310,77,32,5694,308,72,236,110,252
"Fritillaria_meleagris",116,190,46,828,87,47,15,235,185,189,194,86,34,5655,253,6,247,134,189
"Fritillaria_kurdica",116,218,17,474,61,16,29,146,78,78,105,107,27,7922,354,-33,387,97,218
"Fritillaria_caucasica",48,145,-54,484,85,20,46,206,64,105,64,114,33,7801,226,-112,338,76,-54
"Fritillaria_acmopetala",74,153,-9,956,203,1,90,542,6,6,518,82,30,6375,214,-51,265,-7,153
"Fritillaria_kotschyana",122,243,-14,313,64,1,84,162,3,3,162,141,31,10051,348,-100,448,-14,243
"Fritillaria_pinardii",105,213,-5,337,64,1,82,166,3,3,160,156,38,8493,326,-77,403,5,213
"Fritillaria_pontica",107,191,29,630,88,20,41,246,75,87,235,86,32,6426,255,-11,266,46,188
"Fritillaria_graeca",120,201,44,1055,168,21,58,468,75,75,434,99,35,6202,278,0,278,59,201
"Fritillaria_crassifolia",134,211,49,1216,251,5,84,658,30,33,658,84,32,6426,268,13,255,49,211
"Fritillaria_mutabilis",169,246,96,987,176,10,70,481,36,36,434,91,34,5953,316,55,261,112,246
"Fritillaria_lusitanica",172,237,110,499,75,1,63,217,16,24,199,88,38,4946,299,69,230,119,233
"Fritillaria_montana",88,169,9,909,114,49,24,308,177,177,205,64,25,6315,224,-23,247,98,169
"Fritillaria_obliqua",181,253,114,396,77,1,77,203,7,7,163,64,29,5514,297,83,214,131,253
"Cardiocrinum_giganteum",122,193,38,1196,221,18,76,618,57,618,57,80,32,5971,241,-7,248,193,38
"Cardiocrinum_cathayanum",174,283,59,1503,245,46,46,606,178,553,186,77,23,8741,339,17,322,216,83
"Cardiocrinum_cordatum",103,214,-9,2298,296,132,28,793,451,793,466,80,24,8771,273,-52,325,214,-6
"Notholirion_macrophyllum",160,203,96,3082,830,3,116,2178,31,2178,37,108,47,4287,258,32,226,203,105
"Notholirion_bulbuliferum",66,123,1,902,227,4,101,575,17,575,17,119,47,4789,168,-82,250,123,1
"Notholirion_thomsonianum",155,264,45,1090,164,31,47,442,127,273,276,114,32,8434,339,-8,347,95,110
"Clintonia_umbellulata",109,211,-1,1245,131,84,12,360,278,360,278,137,38,8158,288,-72,360,211,-1
"Clintonia_borealis",47,174,-85,1144,115,83,11,336,264,273,311,109,26,10009,255,-153,408,-53,125
"Clintonia_uniflora",58,155,-32,996,143,29,41,399,123,133,372,132,37,7375,269,-84,353,-25,152
"Clintonia_andrewsiana",98,146,59,1940,342,4,81,1000,37,59,960,111,53,3491,222,13,209,64,143
"Clintonia_udensis",50,184,-104,743,144,10,72,379,42,379,42,76,18,11076,238,-165,403,184,-104
"Medeola_virginiana",57,174,-71,1275,121,87,9,340,278,340,290,119,30,9473,253,-141,394,174,-59
"Tricyrtis_affinis",134,244,25,2361,334,98,44,933,299,933,299,92,27,8598,308,-28,336,244,25
"Tricyrtis_macropoda",150,243,59,3371,489,89,50,1326,287,1326,287,84,28,7163,294,4,290,243,59
"Tricyrtis_maculata",147,187,89,2749,757,5,112,1872,35,1872,38,67,39,3872,214,45,169,187,100
"Tricyrtis_latifolia",110,221,-2,2196,305,97,41,847,302,847,302,92,27,8752,285,-54,339,221,-2
"Tricyrtis_suzukii",100,135,57,3661,497,81,51,1478,286,1258,397,74,46,3142,168,10,158,129,71
"Tricyrtis_formosana",235,265,196,2885,666,59,87,1649,184,1629,184,73,50,2775,301,155,146,264,196
"Tricyrtis_hirta",154,247,63,3249,443,95,46,1203,303,1203,303,79,27,7148,294,10,284,240,63
"Scoliopus_bigelovii",110,150,76,1917,356,3,83,1002,33,52,978,95,53,2921,209,33,176,81,146
"Scoliopus_hallii",95,145,55,1917,331,10,73,949,70,88,884,109,52,3640,218,9,209,59,142
"Prosartes_lanuginosa",83,179,-25,1392,141,101,9,388,320,378,320,119,35,7887,246,-92,338,163,-25
"Prosartes_trachycarpa",64,164,-34,557,69,26,25,189,100,113,177,149,39,7713,286,-92,378,-28,158
"Prosartes_smithii",110,150,76,1917,356,3,83,1002,33,52,978,95,53,2921,209,33,176,81,146
"Calochortus_macrocarpus",60,155,-34,930,176,16,73,497,69,69,456,126,37,7401,255,-83,338,-28,155
"Calochortus_weedii",148,209,98,316,60,1,78,170,12,28,152,145,54,4355,290,26,264,100,180
"Calochortus_obispoensis",134,166,106,576,115,1,89,316,5,12,313,126,65,2437,236,43,193,107,160
"Calochortus_monophyllus",130,217,50,1571,268,6,76,768,45,45,747,158,45,6633,333,-14,347,55,217
"Calochortus_howellii",114,189,46,1441,267,7,80,765,41,41,712,151,48,5695,308,-4,312,49,189
"Calochortus_tolmiei",101,184,35,1754,324,6,79,880,41,50,880,133,44,6066,279,-20,299,35,182
"Calochortus_umbellatus",141,188,90,773,182,1,95,451,8,11,451,126,55,3860,266,37,229,90,185
"Calochortus_tiburonensis",141,176,103,797,169,1,90,429,9,13,429,90,52,2864,229,57,172,108,171
"Calochortus_uniflorus",103,182,35,1363,275,2,82,720,27,34,720,147,47,5947,288,-23,311,35,182
"Calochortus_nudus",80,166,0,961,178,6,74,478,38,38,478,164,46,6563,288,-66,354,0,166
"Calochortus_minimus",60,143,-11,1286,228,10,75,625,50,55,625,143,44,6214,246,-75,321,-11,141
"Calochortus_albus",112,190,44,1474,302,2,84,786,26,26,786,148,47,5923,297,-16,313,44,190
"Calochortus_nitidus",13,109,-77,599,65,33,20,175,119,137,168,153,40,7349,229,-146,375,-68,106
"Calochortus_plummerae",139,228,61,448,84,1,84,240,10,22,231,154,45,6655,330,-10,340,70,227
"Calochortus_coeruleus",103,182,35,1363,275,2,82,720,27,34,720,147,47,5947,288,-23,311,35,182
"Calochortus_westonii",90,171,25,679,124,4,80,343,20,32,339,129,43,5939,263,-31,294,27,170
"Calochortus_persistens",96,182,18,580,105,8,64,284,44,45,262,165,47,6474,306,-44,350,21,180
"Calochortus_elegans",84,166,16,1638,300,7,78,818,45,50,818,136,44,6081,263,-42,305,16,164
"Calochortus_subalpinus",78,153,7,2241,389,23,69,1107,126,126,1047,108,39,5795,242,-32,274,13,153
"Calochortus_eurycarpus",42,155,-72,384,49,19,30,134,63,77,133,162,38,8806,273,-149,422,-59,149
"Calochortus_lyallii",63,170,-46,381,61,11,49,170,45,52,153,121,33,8422,268,-98,366,-39,166
"Calochortus_greenei",105,194,23,534,92,8,61,254,41,45,237,168,46,6733,320,-40,360,26,192
"Calochortus_umpquaensis",97,168,33,1419,240,14,65,681,82,82,600,132,46,5413,272,-13,285,36,168
"Calochortus_amoenus",95,179,25,661,125,5,78,335,20,20,334,132,43,6230,271,-35,306,29,179
"Calochortus_pulchellus",137,184,88,903,200,1,91,506,9,16,506,144,58,3816,273,27,246,88,180
"Calochortus_amabilis",134,214,60,1307,271,1,85,690,19,19,690,144,45,6167,320,0,320,60,214
"Calochortus_apiculatus",37,136,-67,479,68,29,34,188,91,97,172,118,34,7883,227,-120,347,-58,35
"Calochortus_raichei",123,170,81,1237,254,3,88,666,15,27,649,129,57,3544,252,26,226,85,167
"Calochortus_leichtlinii",60,143,-11,1286,228,10,75,625,50,55,625,143,44,6214,246,-75,321,-11,141
"Calochortus_kennedyi",173,268,87,212,27,1,47,78,18,45,77,156,44,7170,369,15,354,98,199
"Calochortus_clavatus",143,190,96,354,66,1,88,191,3,9,185,163,61,3710,283,19,264,103,187
"Calochortus_bruneaunis",41,127,-34,369,56,17,45,150,53,53,150,150,44,6391,230,-105,335,-34,127
"Calochortus_concolor",129,194,79,419,77,1,73,211,17,77,211,143,54,4580,276,12,264,79,129
"Calochortus_excavatus",125,223,35,200,36,6,60,94,18,18,94,185,46,7391,344,-54,398,35,223
"Calochortus_aureus",114,228,-3,208,28,7,32,76,32,56,47,180,41,8911,341,-93,434,179,159
"Calochortus_nuttallii",94,217,-27,381,46,19,22,121,71,75,89,148,34,9395,331,-96,427,138,209
"Calochortus_gunnisonii",82,189,-17,438,66,12,49,182,42,169,42,170,42,8025,294,-109,403,164,-17
"Calochortus_ambiguus",132,225,43,395,75,8,65,196,31,161,89,195,51,7110,328,-53,381,219,165
"Calochortus_marcellae",163,191,127,671,140,17,70,305,59,238,59,156,67,2575,272,40,232,176,130
"Calochortus_spatulatus",210,239,172,838,239,3,119,598,13,411,33,177,63,2630,346,68,278,233,202
"Calochortus_purpureus",158,187,123,675,178,3,108,461,15,282,48,153,62,2466,281,35,246,174,149
"Calochortus_pringlei",183,205,162,1162,275,4,108,760,18,244,35,156,69,1587,299,73,226,185,185
"Calochortus_barbatus",177,212,133,402,77,4,80,224,19,154,39,195,67,3168,317,26,291,204,165
"Calochortus_cernuus",197,213,182,960,201,4,103,582,16,278,25,164,77,1195,303,92,211,202,190
"Calochortus_venustulus",175,204,139,837,233,5,112,563,21,391,49,162,62,2544,303,44,259,198,166
"Calochortus_balsensis",190,206,170,1011,197,6,96,586,27,305,27,175,74,1346,302,67,235,196,170
"Calochortus_fuscus",168,190,141,1352,304,6,104,864,25,287,48,155,66,1892,282,49,233,179,164
"Calochortus_nigrescens",166,183,145,619,134,5,89,315,18,239,22,175,72,1441,283,43,240,174,146
"Calochortus_exilis",141,172,104,600,156,2,102,397,13,231,60,147,62,2654,257,20,237,161,128
"Calochortus_venustus",129,204,68,587,112,0,91,324,4,14,310,128,45,5449,292,10,282,71,200
"Calochortus_vestae",118,185,60,1270,243,2,86,675,18,33,655,165,53,5027,300,-6,306,64,184
"Calochortus_argillosus",114,165,75,676,128,1,88,355,6,13,355,149,60,3636,256,8,248,75,160
"Calochortus_superbus",162,251,80,638,121,1,82,334,8,8,322,146,43,6796,352,17,335,92,251
"Calochortus_luteus",159,246,76,482,87,0,81,241,5,5,241,159,45,6719,361,14,347,76,246
"Calochortus_catalinae",138,163,115,332,68,0,89,181,2,20,175,104,63,1852,219,55,164,117,153
"Calochortus_dunnii",148,223,86,402,75,1,77,213,18,35,191,173,53,5407,333,10,323,91,192
"Calochortus_palmeri",131,211,63,591,113,1,86,315,5,16,307,177,51,5964,336,-11,347,70,210
"Calochortus_splendens",148,208,99,297,54,0,80,158,10,28,146,147,55,4264,289,26,263,101,178
"Calochortus_flexuosus",193,291,103,146,21,0,46,50,10,35,50,165,44,7424,395,24,371,103,223
"Philesia_magellanica",51,91,10,2043,286,91,39,797,306,319,786,84,50,3135,145,-22,167,16,89
"Lapageria_rosea",114,154,77,1489,306,23,80,826,83,83,778,105,54,2945,226,34,192,83,154
"Smilax_purpurata",226,255,195,1563,204,71,33,553,224,553,276,68,51,2339,289,158,131,255,217
"Smilax_corbularia",219,221,216,2245,241,136,16,641,466,605,524,69,90,202,258,182,76,220,218
"Smilax_glabra",184,286,75,1467,261,42,60,710,155,478,196,78,24,8202,342,26,316,225,142
"Smilax_chapaensis",152,217,72,1350,261,19,77,710,65,710,65,83,34,5638,261,21,240,217,72
"Smilax_bracteata",180,229,125,3309,505,143,44,1324,444,1151,478,62,35,4124,265,88,177,215,127
"Smilax_basilata",166,210,109,2089,452,6,86,1160,45,1160,81,70,38,4016,246,66,180,210,119
"Smilax_chingii",155,232,65,1409,236,32,63,669,115,625,115,79,30,6488,277,18,259,219,65
"Smilax_arisanensis",174,219,123,2678,383,102,45,1078,331,1078,331,66,38,3826,256,83,173,219,123
"Smilax_lunglingensis",134,181,73,1327,258,16,78,719,65,719,65,112,48,4278,218,-11,229,181,73
"Smilax_perfoliata",224,254,185,3177,765,35,100,1990,116,1990,121,74,50,2738,289,143,146,254,196
"Smilax_ocreata",175,220,114,1445,299,15,81,796,63,796,63,82,42,4186,259,66,193,220,114
"Smilax_aspericaulis",233,262,195,3104,710,67,88,1791,205,1769,205,72,50,2693,298,154,144,261,198
"Smilax_australis",255,273,234,1296,228,31,65,642,100,563,159,48,52,1582,301,210,91,272,242
"Smilax_anceps",183,196,166,2115,349,51,55,936,212,936,239,77,70,1221,235,125,110,196,170
"Smilax_outanscianensis",167,264,66,1172,196,11,67,526,43,505,43,82,26,7616,325,21,304,258,66
"Smilax_lebrunii",160,243,67,1125,272,10,95,678,38,668,38,69,26,6779,290,28,262,236,67
"Smilax_megalantha",163,246,71,1485,373,15,97,912,54,882,54,70,26,6722,294,31,263,239,71
"Smilax_ferox",167,215,102,1214,255,13,81,669,49,669,49,83,40,4447,255,52,203,215,102
"Smilax_blumei",255,276,227,1881,412,19,93,1156,65,952,105,74,57,1920,317,188,129,274,244
"Smilax_davidiana",186,283,79,1675,292,47,61,824,173,519,226,83,26,7905,341,28,313,227,100
"Smilax_nantoensis",111,144,69,3472,513,57,60,1522,215,1273,321,76,47,3052,180,21,159,139,83
"Smilax_trinervula",124,235,13,2219,310,93,44,870,283,870,283,96,28,8684,301,-41,342,235,13
"Smilax_china",174,201,137,4077,892,54,90,2372,189,2372,189,77,52,2569,237,91,146,201,137
"Smilax_glaucochina",177,273,74,1201,193,14,63,528,53,509,53,80,26,7659,335,32,303,251,74
"Smilax_discotis",140,237,40,1152,218,6,76,603,26,513,26,87,28,7582,292,-9,301,228,40
"Smilax_hayatae",180,229,125,3309,505,143,44,1324,444,1151,478,62,35,4124,265,88,177,215,127
"Smilax_polycolea",164,252,66,918,226,5,98,578,20,546,20,80,28,7147,302,18,284,244,66
"Smilax_cocculoides",169,247,80,1213,267,14,85,681,49,681,49,80,29,6478,303,35,268,247,80
"Smilax_myrtillus",114,166,51,1517,318,12,83,865,56,865,66,103,44,4569,206,-23,229,166,62
"Smilax_lanceifolia",203,205,200,2350,254,150,15,651,489,607,562,71,89,241,244,165,79,205,203
"Smilax_darrisii",47,114,-27,1409,300,12,88,815,41,815,41,91,36,5446,158,-93,251,114,-27
"Smilax_elegans",69,131,-2,1250,273,16,78,691,101,637,201,100,40,5228,188,-57,245,124,35
"Smilax_nigrescens",136,213,50,1350,322,13,91,792,46,774,46,75,29,6296,262,4,258,208,50
"Smilax_microphylla",140,237,40,1152,218,6,76,603,26,513,26,87,28,7582,292,-9,301,228,40
"Smilax_orbiculata",195,224,165,1510,233,64,45,648,207,648,234,72,53,2306,262,127,135,224,173
"Smilax_aculeatissima",243,269,209,2772,546,50,82,1599,158,1275,223,82,55,2370,310,163,147,268,228
"Smilax_hypoglauca",211,279,133,1561,268,30,58,692,118,597,166,82,33,5722,328,80,248,240,149
"Smilax_stans",105,208,1,2301,320,66,50,926,217,926,217,88,27,8041,264,-53,317,208,1
"Smilax_aberrans",189,247,114,1394,263,21,80,769,76,769,76,83,36,5213,290,63,227,247,114
"Smilax_menispermoidea",91,138,30,1670,452,3,114,1150,27,1150,35,96,44,4239,179,-35,214,138,37
"Smilax_retroflexa",171,251,81,1697,425,16,96,1041,63,1008,63,74,28,6551,302,40,262,245,81
"Smilax_trachypoda",120,207,27,708,145,3,82,386,13,369,13,99,32,6900,265,-36,301,197,27
"Smilax_luei",202,243,153,2363,471,24,80,1246,101,1246,158,75,43,3606,283,109,174,243,167
"Smilax_nervomarginata",217,275,158,2167,277,113,27,733,371,589,371,52,28,4589,306,124,182,227,158
"Smilax_pottingeri",135,178,79,2171,469,4,88,1211,37,1211,81,72,40,3898,210,32,178,178,89
"Smilax_herbacea",66,185,-63,1153,107,80,8,305,256,305,265,127,31,9567,268,-138,406,185,-50
"Smilax_hugeri",136,225,43,1748,178,129,9,469,402,439,447,134,41,7062,296,-30,326,57,143
"Smilax_pulverulenta",125,212,32,1880,189,141,8,496,442,471,471,133,41,6972,283,-40,323,123,131
"Smilax_biltmoreana",127,215,33,1539,163,101,11,437,338,377,409,145,43,7039,290,-45,335,47,134
"Smilax_jamesii",78,160,3,1194,186,7,68,553,54,54,526,158,46,6272,276,-63,339,9,160
"Smilax_pseudochina",140,245,31,1035,108,72,11,294,236,294,236,115,33,8278,314,-31,345,245,31
"Smilax_lasioneura",70,173,-32,454,69,18,42,175,64,175,64,169,42,7940,276,-122,398,173,-32
"Smilax_nipponica",126,237,16,2389,335,103,42,939,324,939,324,92,27,8681,301,-36,337,237,16
"Smilax_riparia",151,245,60,3258,478,86,51,1290,278,1290,278,87,29,7237,298,4,294,245,60
"Smilax_sieboldii",126,237,16,2389,335,103,42,939,324,939,324,92,27,8681,301,-36,337,237,16
"Smilax_californica",130,216,52,1345,222,5,73,644,43,43,624,155,45,6561,328,-11,339,57,216
"Smilax_moranensis",203,221,183,1937,397,13,102,1171,45,511,65,167,72,1427,311,82,229,207,193
"Smilax_melastomifolia",208,225,191,2991,319,161,20,873,593,593,825,84,66,1375,272,145,127,194,225
"Smilax_fluminensis",207,238,169,1398,163,63,26,453,245,453,292,121,62,2723,297,103,194,238,171
"Smilax_havanensis",254,277,223,1454,238,26,58,575,134,543,134,91,60,2117,324,174,150,277,223
"Smilax_schomburgkiana",222,229,217,2743,442,87,49,1212,340,340,498,91,81,489,281,169,112,221,229
"Smilax_coriacea",248,261,232,1590,186,79,24,470,271,396,271,106,76,1170,314,175,139,248,232
"Smilax_velutina",194,214,171,4111,819,76,78,2187,263,881,348,109,64,1647,278,109,169,202,194
"Smilax_pumila",202,272,126,1458,199,66,37,580,274,527,296,102,40,5770,319,65,254,270,198
"Smilax_canariensis",158,202,123,453,89,1,85,252,6,14,221,68,42,3108,250,90,160,132,195
"Smilax_laurifolia",197,272,113,1500,171,96,17,461,323,461,372,110,39,6223,326,49,277,272,158
"Smilax_zeylanica",202,204,199,2488,280,162,14,709,520,609,610,71,88,233,243,163,80,202,202
"Smilax_auriculata",225,277,163,1163,191,41,53,527,162,507,190,98,44,4544,323,105,218,277,174
"Smilax_glauca",120,208,27,1907,188,142,7,499,458,482,468,127,39,7003,275,-43,318,119,126
"Smilax_officinalis",239,248,231,2610,447,10,78,1268,44,472,657,104,79,645,310,179,131,234,242
"Smilax_excelsa",118,205,35,1176,131,80,17,374,253,266,360,81,30,6708,261,-5,266,54,102
"Smilax_rotundifolia",193,273,103,1296,142,85,16,372,280,315,322,130,41,6594,343,30,313,257,153
"Smilax_walteri",194,271,107,1504,146,103,10,406,340,388,402,118,40,6410,331,40,291,258,200
"Smilax_aspera",163,227,107,556,101,2,62,254,25,51,170,67,33,4767,274,74,200,147,223
"Trillium_sulcatum",117,205,23,1566,164,100,11,441,338,388,415,141,42,7030,278,-53,331,38,125
"Trillium_rugelii",138,228,43,1597,162,120,8,424,370,410,396,130,40,7160,298,-27,325,57,144
"Trillium_cernuum",45,174,-91,1078,105,74,10,302,244,271,271,110,26,10213,253,-159,412,0,-35
"Trillium_flexipes",99,228,-47,1032,112,58,20,326,190,315,190,118,27,10593,305,-118,423,208,-47
"Trillium_erectum",92,187,-16,1471,154,104,11,418,331,411,339,122,35,7893,253,-86,339,172,104
"Trillium_catesbaei",138,228,43,1597,162,120,8,424,370,410,396,130,40,7160,298,-27,325,57,144
"Trillium_apetalon",118,230,9,2022,244,103,26,657,339,546,657,89,26,8722,293,-42,335,9,92
"Trillium_smallii",115,226,2,2318,314,115,35,861,384,861,384,88,26,8794,289,-46,335,226,2
"Trillium_camschatcense",16,127,-98,1279,177,52,33,461,187,453,207,64,19,8725,174,-148,322,106,-95
"Trillium_tschonoskii",78,189,-31,1916,245,106,33,725,334,725,365,89,26,8671,250,-83,333,189,4
"Trillium_reliquum",165,258,69,1217,126,73,16,352,244,345,319,140,41,7302,334,-2,336,85,117
"Trillium_petiolatum",54,160,-51,574,82,17,42,230,69,79,219,164,40,8159,289,-116,405,-40,154
"Trillium_discolor",131,219,38,1838,185,137,8,487,431,460,465,131,40,7038,288,-34,322,51,137
"Trillium_underwoodii",179,261,90,1451,168,70,20,441,278,384,403,142,44,6657,333,13,320,106,186
"Trillium_decipiens",180,261,91,1459,168,72,19,441,279,391,404,143,44,6628,333,13,320,106,186
"Trillium_stamineum",153,247,51,1494,165,86,19,444,282,311,423,146,41,7603,324,-28,352,152,210
"Trillium_decumbens",146,242,43,1419,155,90,14,413,298,327,390,134,39,7684,314,-28,342,59,202
"Trillium_albidum",101,181,31,810,162,2,80,426,18,18,426,151,46,6080,293,-30,323,31,181
"Trillium_angustipetalum",105,166,53,1559,284,3,84,816,26,46,788,145,52,4528,270,-4,274,57,164
"Trillium_luteum",125,217,28,1626,174,102,13,475,343,386,444,130,39,7335,287,-42,329,42,179
"Trillium_cuneatum",139,228,44,1698,173,125,8,455,392,428,431,131,40,7129,297,-27,324,58,144
"Trillium_maculatum",194,268,114,1307,176,63,33,488,214,488,292,136,45,5990,337,38,299,268,157
"Trillium_chloropetalum",105,172,55,758,143,1,89,407,7,19,407,117,47,4742,251,4,247,55,166
"Trillium_kurabayashii",98,146,59,1940,342,4,81,1000,37,59,960,111,53,3491,222,13,209,64,143
"Trillium_recurvatum",153,261,36,1258,128,64,18,378,251,273,323,113,31,8662,328,-28,356,154,214
"Trillium_lancifolium",142,241,34,1378,145,81,17,404,264,308,366,146,40,8006,319,-46,365,142,200
"Trillium_viridescens",163,266,51,1143,149,53,26,367,195,258,195,134,35,8329,346,-29,375,162,51
"Trillium_ludovicianum",190,271,100,1560,175,111,13,447,344,373,439,126,40,6637,336,28,308,113,239
"Trillium_gracile",194,273,105,1311,141,88,15,377,280,324,324,127,41,6530,342,34,308,258,155
"Trillium_viride",130,239,10,1154,117,64,17,340,250,284,250,149,37,8818,326,-76,402,133,10
"Trillium_foetidissimum",194,269,111,1634,171,87,15,457,334,452,443,125,42,6192,331,40,291,265,199
"Trillium_sessile",115,222,-1,1009,107,64,16,300,205,300,205,123,34,8614,295,-66,361,222,-1
"Trillium_grandiflorum",102,215,-16,1194,109,80,8,313,266,308,266,112,30,8928,290,-76,366,207,-5
"Trillium_vaseyi",127,215,33,1539,163,101,11,437,338,377,409,145,43,7039,290,-45,335,47,134
"Trillium_ovatum",54,165,-56,527,55,28,21,162,92,92,162,157,38,8546,276,-134,410,-56,165
"Trillium_simile",127,215,33,1539,163,101,11,437,338,377,409,145,43,7039,290,-45,335,47,134
"Trillium_nivale",104,215,-13,1246,118,79,11,340,269,331,269,119,32,8778,291,-77,368,207,-13
"Trillium_pusillum",142,245,32,1148,135,62,20,350,221,282,221,128,35,8245,322,-42,364,188,32
"Trillium_undulatum",65,184,-63,1213,130,88,11,349,278,287,295,131,32,9512,268,-141,409,18,174
"Trillium_govanianum",94,189,-16,935,138,24,42,357,113,204,272,93,29,8049,241,-70,311,-7,59
"Paris_tetraphylla",63,188,-71,1882,251,64,40,654,225,649,225,97,24,10208,251,-141,392,187,-71
"Paris_incompleta",84,169,-6,1085,120,67,17,332,224,252,292,106,35,6854,241,-59,300,53,32
"Paris_verticillata",125,239,14,2314,338,107,35,875,367,523,670,81,24,8870,300,-31,331,46,152
"Paris_quadrifolia",14,86,-46,545,56,31,19,166,102,166,128,48,24,5343,121,-79,200,86,-7
"Paris_thibetica",72,123,9,1097,295,3,113,755,22,755,34,114,48,4497,169,-64,233,123,17
"Paris_delavayi",162,247,67,931,234,6,99,583,26,566,26,70,26,6916,292,25,267,240,67
"Paris_fargesii",166,251,71,1192,290,10,95,730,39,702,39,75,27,6899,299,28,271,243,71
"Paris_cronquistii",232,285,168,2091,443,19,88,1226,85,1226,85,85,41,4633,335,129,206,285,168
"Paris_vietnamensis",166,210,109,2089,452,6,86,1160,45,1160,81,70,38,4016,246,66,180,210,119
"Paris_polyphylla",217,267,163,2836,510,103,50,1206,356,917,399,61,34,4131,307,129,178,230,165
"Paris_mairei",97,149,37,1075,240,8,92,639,37,639,37,110,48,4384,188,-39,227,149,37
"Paris_forrestii",97,147,36,1341,286,11,84,762,58,762,58,106,46,4379,184,-42,226,147,36
"Paris_axialis",165,249,71,959,234,8,94,574,32,567,32,68,25,6845,295,32,263,242,71
"Paris_japonica",68,178,-44,2213,296,115,34,806,383,806,383,75,23,8756,234,-86,320,178,-44
"Pseudotrillium_rivale",102,158,52,1855,327,8,76,938,59,76,875,125,52,4208,243,3,240,56,156
"Xerophyllum_tenax",72,155,4,1508,270,8,77,738,48,54,738,136,44,6122,252,-55,307,13,153
"Xerophyllum_asphodeloides",131,221,36,1440,145,108,9,385,333,385,341,133,40,7150,292,-35,327,221,50
"Chamaelirium_luteum",99,197,-9,1380,147,95,12,399,310,396,310,129,37,7977,267,-80,347,180,-9
"Chionographis_chinensis",210,277,128,1739,298,40,65,832,136,832,199,76,31,5894,319,80,239,277,145
"Chionographis_japonica",123,234,11,2368,328,107,40,915,345,915,345,92,27,8757,298,-40,338,234,11
"Ypsilandra_yunnanensis",98,146,36,1634,445,3,114,1132,25,1132,36,105,47,4317,187,-33,220,146,44
"Heloniopsis_orientalis",141,235,49,3151,436,87,48,1196,281,1196,281,79,27,7226,283,-3,286,229,49
"Heloniopsis_umbellata",189,216,152,4199,955,51,94,2501,176,2501,176,76,52,2582,251,106,145,216,152
"Ypsilandra_thibetica",163,246,71,1485,373,15,97,912,54,882,54,70,26,6722,294,31,263,239,71
"Helonias_bullata",120,208,27,1907,188,142,7,499,458,482,468,127,39,7003,275,-43,318,119,126
"Schoenocaulon_macrocarpum",159,197,111,495,150,3,106,323,13,172,28,184,63,3367,300,11,289,186,141
"Schoenocaulon_plumosum",173,204,132,433,67,11,57,183,47,167,49,167,66,2906,291,41,250,198,134
"Schoenocaulon_texanum",174,242,94,310,63,7,79,180,27,146,32,145,47,5790,320,13,307,231,108
"Schoenocaulon_dubium",203,268,130,1322,202,52,42,547,190,547,276,136,48,5428,330,51,279,268,171
"Schoenocaulon_comatum",149,170,120,603,113,6,82,330,23,196,23,182,70,2028,268,9,259,167,120
"Schoenocaulon_madidorum",51,63,38,1903,357,37,79,1022,116,223,171,125,73,993,139,-31,170,52,45
"Schoenocaulon_pringlei",65,78,51,1117,216,10,86,614,36,350,54,133,73,1019,156,-24,180,70,51
"Schoenocaulon_officinale",155,171,137,2237,442,47,80,1201,145,498,239,118,69,1278,240,71,169,158,146
"Schoenocaulon_pellucidum",256,275,229,1851,457,4,114,1295,26,1077,67,147,69,1875,352,141,211,272,253
"Schoenocaulon_mortonii",193,208,177,1835,414,6,105,1155,32,440,45,151,73,1150,293,87,206,194,185
"Schoenocaulon_megarrhizum",134,206,62,496,130,7,101,331,25,291,60,198,55,5677,311,-45,356,199,129
"Schoenocaulon_jaliscense",225,252,190,981,280,4,117,687,25,442,64,160,64,2430,347,97,250,244,232
"Schoenocaulon_caricifolium",135,155,108,712,136,5,86,401,22,250,22,168,70,1847,247,9,238,149,108
"Schoenocaulon_tenue",184,203,161,807,175,4,93,440,20,281,20,178,72,1620,299,54,245,194,161
"Schoenocaulon_tenuifolium",51,63,38,1903,357,37,79,1022,116,223,171,125,73,993,139,-31,170,52,45
"Veratrum_maackii",127,220,32,3124,503,81,59,1460,277,1340,285,83,28,7285,266,-24,290,216,53
"Veratrum_schindleri",175,284,60,1573,253,48,47,612,184,610,185,77,23,8719,340,17,323,217,84
"Veratrum_formosanum",167,214,112,3003,414,125,40,1145,415,1130,415,64,35,4063,251,73,178,201,112
"Veratrum_nigrum",84,165,1,1098,100,76,7,290,261,264,279,91,33,6364,234,-39,273,12,161
"Veratrum_woodii",151,251,43,1404,158,78,19,433,302,311,302,141,38,8031,332,-39,371,150,43
"Veratrum_californicum",28,107,-36,1593,270,23,66,770,109,109,712,123,42,5758,204,-85,289,-29,104
"Veratrum_album",62,142,-21,1216,116,86,8,331,283,294,325,92,33,6335,210,-66,276,-8,139
"Veratrum_viride",26,144,-100,1458,144,100,11,396,312,396,330,107,28,9428,211,-167,378,144,-88
"Veratrum_lobelianum",19,94,-51,1509,143,110,7,404,354,376,374,69,29,5795,146,-89,235,38,93
"Veratrum_grandiflorum",115,188,33,1167,252,9,85,648,33,644,33,80,31,5989,236,-18,254,184,33
"Veratrum_insolitum",82,147,28,1533,267,6,77,770,47,64,725,138,50,4809,247,-25,272,33,145
"Veratrum_oxysepalum",-120,81,-343,910,181,14,77,479,51,479,51,113,19,16536,158,-422,580,81,-343
"Veratrum_stamineum",77,188,-34,2214,296,116,33,802,387,802,387,77,23,8757,245,-77,322,188,-34
"Veratrum_fimbriatum",111,156,73,1265,241,3,85,664,19,33,644,124,57,3311,234,18,216,77,152
"Amianthium_muscitoxicum",109,211,-1,1245,131,84,12,360,278,360,278,137,38,8158,288,-72,360,211,-1
"Toxicoscordion_venenosum",84,166,16,1638,300,7,78,818,45,50,818,136,44,6081,263,-42,305,16,164
"Toxicoscordion_paniculatum",94,177,16,1365,222,6,72,652,49,49,625,161,46,6398,294,-49,343,22,177
"Toxicoscordion_fremontii",145,213,80,906,198,1,91,503,9,9,503,151,50,5335,323,22,301,80,213
"Anticlea_occidentalis",44,125,-25,1811,308,26,64,870,130,131,809,115,39,6000,223,-71,294,-20,125
"Anticlea_volcanica",77,84,65,1681,297,24,70,746,95,534,97,110,72,791,149,-3,152,82,67
"Anticlea_elegans",46,144,-42,995,142,29,41,398,127,137,366,134,37,7375,261,-99,360,-35,142
"Veratrum_virginicum",131,219,38,1838,185,137,8,487,431,460,465,131,40,7038,288,-34,322,51,137
"Stenanthium_densum",126,214,32,1803,179,134,7,472,430,458,443,128,40,7069,281,-39,320,123,132
"Stenanthium_gramineum",131,240,11,1185,121,73,16,351,266,284,266,147,36,8800,326,-73,399,132,11
"Zigadenus_glaberrimus",167,257,71,1186,145,71,23,400,228,400,269,136,41,7196,327,-4,331,257,122
"Campynemanthe_viridiflora",217,247,185,1510,199,68,34,548,218,548,263,70,51,2388,283,148,135,247,208
"Campynemanthe_neocaledonica",209,236,180,1813,284,70,51,826,222,826,248,70,53,2171,272,142,130,236,187
"Campynema_lineare",96,133,60,1338,152,68,21,421,232,232,396,78,49,2797,185,27,158,65,133
"Corsia_dispar",207,237,168,2286,460,55,75,1255,167,978,228,101,56,2717,290,110,180,233,193
"Arachnitis_uniflora",63,102,29,1594,301,29,73,835,108,108,798,113,57,2849,186,-12,198,33,102
